{
  "RMSE": 0.009970761990135022,
  "MAE": 0.007147122713460238,
  "R2": -0.10500319520154222,
  "DirectionAccuracy": 0.5451388888888888
}