{
    "total_return": 0.05475800421559307,
    "sharpe": 3.046007055658484,
    "max_drawdown": -0.03448898141018664,
    "win_rate": 0.5798319327731093,
    "total_trades": 119
}