{
    "total_return": 0.013606721737232652,
    "sharpe": 2.9378120215938583,
    "max_drawdown": -0.012154040591210058,
    "win_rate": 0.75,
    "total_trades": 20
}