{
    "total_return": 0.01403364547670316,
    "sharpe": 3.798102823885474,
    "max_drawdown": -0.0022570355271722686,
    "win_rate": 0.5357142857142857,
    "total_trades": 28
}