{
    "total_return": 0.4179527538448824,
    "sharpe": 4.425844567851859,
    "max_drawdown": -0.04676164989340936,
    "win_rate": 0.5256410256410257,
    "total_trades": 624
}